{
    "EchoTime": 0.089,
    "FlipAngle": 90,
    "MultibandAccelerationFactor": 1,
    "PhaseEncodingDirection": "j",
    "PixelBandwidth": 1653,
    "RepetitionTime": 4.4,
    "SliceEncodingDirection": "k-",
    "SliceTiming": [
        4.32499981,
        0.0,
        4.44999981,
        0.125,
        4.57250023,
        0.247500002,
        4.69750023,
        0.372500002,
        4.82000017,
        0.495000005,
        4.94500017,
        0.617500007,
        5.06750011,
        0.742500007,
        5.19000006,
        0.86500001,
        5.31500006,
        0.99000001,
        5.4375,
        1.11249995,
        5.5625,
        1.23749995,
        5.68499994,
        1.36000001,
        5.80999994,
        1.48249996,
        5.93249989,
        1.60749996,
        6.05749989,
        1.73000002,
        6.17999983,
        1.85500002,
        6.30249977,
        1.97749996,
        6.42749977,
        2.10249996,
        6.55000019,
        2.2249999,
        6.67500019,
        2.3499999,
        6.79750013,
        2.47250009,
        6.92250013,
        2.59500003,
        7.04500008,
        2.72000003,
        7.16750002,
        2.84249997,
        7.29250002,
        2.96749997,
        7.41499996,
        3.08999991,
        7.53999996,
        3.21499991,
        7.6624999,
        3.3375001,
        7.7874999,
        3.46000004,
        7.90999985,
        3.58500004,
        8.03250027,
        3.70749998,
        8.15750027,
        3.83249998,
        8.27999973,
        3.95499992,
        8.40499973,
        4.07999992,
        8.52750015,
        4.20249987
    ],
    "TotalReadoutTime": 0.0369,
    "command_history": "mrconvert /n/gaab_mri_l3/Lab/DMC-Gaab2/d-dcms/BabyMRI/PRE_INF063_T2_20190202/DICOMS/SMS2_Diff_b1000_10b0s-SMS2_Diff_b1000_10b0s-344216/ /n/holyscratch01/LABS/gaab_mri_l3/Lab/diff_long/PRE_INF063/preproc/dwi.mif -strides '-1,-2,+3,+4' -force  (version=3.0.3)",
    "comments": [
        "anon (anon) [MR] SMS2_Diff_b1000_10b0s",
        "study: MR-EI Neuro [ ORIGINAL PRIMARY DIFFUSION NONE ND NORM ]",
        "DOB: on/an/anon",
        "DOS: anon 15:59:23"
    ],
    "dw_scheme": [
        0,
        0,
        0,
        0
    ],
    "mrtrix_version": "3.0.3"
}