{
    "MGH_TAG_AUTO_ALIGN": [
        [
            1,
            0,
            0,
            0
        ],
        [
            0,
            1,
            0,
            0
        ],
        [
            0,
            0,
            1,
            0
        ],
        [
            0,
            0,
            0,
            1
        ]
    ],
    "MGH_TAG_FIELDSTRENGTH": 2.30485571e-41,
    "MGH_TAG_MRI_FRAME": "0,0,0,0,0,0,0,0,0,0,0,0,0,0,0,0,0,0,0,,0,0 0 0 0 0 0 0 0 0 0 0 0 0 0 0 0,0,0",
    "MGH_TAG_PEDIR": "ROW\u0000\u0000",
    "MGH_TE": 1.69,
    "MGH_TI": 1450,
    "MGH_TR": 2520,
    "MGH_flip": 7,
    "command_history": "ProgramName: mri_convert  ProgramArguments: mri_convert -i BEG_BB040/MEMPRAGE_2/BEG_BB040.MR.Investigators_Gaab.19.1.20230421.151857.1f59vvp.dcm -o /n/holyscratch01/LABS/gaab_mri_l3/Lab/struct_long/BEG_BB040/mri/orig/001.mgz  ProgramVersion: 7.3.2  TimeStamp: 2023/06/02-20:16:29-GMT  BuildTime: Aug  4 2022 00:15:18  BuildStamp: freesurfer-linux-centos7_x86_64-7.3.2-20220804-6354275  User: tturesky  Machine: holy7c22111.rc.fas.harvard.edu  Platform: Linux  PlatformVersion: 3.10.0-1160.36.2.el7.x86_64  CompilerName: GCC  CompilerVersion: 4.8.5\u0000\u0000"
}